,IEName,IAName,IE
0,CS Req 1,Cybersecurity Requirements Document,CS_Req1
1,CS Req 2,Cybersecurity Requirements Document,CS_Req2
2,Comms Test Result,Rover Development Test Incident Report,CommsTest_Result
3,Debris Threat Description,Threat Description Document,DebrisThreatDescription
4,KPP 1,Key Performance Parameters and Key System Attributes Document,KPP_1
5,KPP 2,Key Performance Parameters and Key System Attributes Document,KPP_2
6,KSA 1,Key Performance Parameters and Key System Attributes Document,KSA_1
7,KSA 2,Key Performance Parameters and Key System Attributes Document,KSA_2
8,Low Power Test Data,Payload Test Data Report,LowPowerTestData
9,Material Developer Spec,Operational Test Readiness Report,MATDEV_OTRS
10,Payload Test Data,Payload Test Data Report,PayloadTestData
11,RCA 1,Rover Document TEMP,RecommendedCorrectiveAction1
12,RCA 2,Rover Document TEMP,RecommendedCorrectiveAction2
13,Radiation Threat Description,Threat Description Document,RadiationThreatDescription
14,Rover IDSK,Rover Document TEMP,Rover_IDSK
15,Rover TEMP,Rover Document TEMP,Rover_TEMP
16,Rover WIPT Overview,Rover WIPT Charter,Rover_WIPT_Info
17,SE Procedure,Systems Engineering Procedures Document,SEProcedure
18,TAT Atmospheric Dust,Target Acquisition Test Procedure,TargetAcquisitionTest_AtmosphericDust_Planned
19,TAT Lighting,Target Acquisition Test Procedure,TargetAcquisitionTest_Lighting_Planned
20,TAT Procedure,Target Acquisition Test Procedure,TargetAcquisitionTest_Procedure
21,TEMP Review Procedure,TEMP Review Procedure,TEMPReviewProcedure
22,Target Acquisition Result,Rover Operational Test Incident Report,TargetAcquisitionTest_Result
23,Tech Risk Assessment 1,Rover Document TEMP,TechRiskAssessment1
24,Torque Test Data,Mobility Torque Test Data,TorqueTestData
